{"frames": {

"0-0.png":
{
	"frame": {"x":583,"y":363,"w":155,"h":156},
	"rotated": true,
	"trimmed": true,
	"spriteSourceSize": {"x":23,"y":23,"w":155,"h":156},
	"sourceSize": {"w":192,"h":192}
},
"0-1.png":
{
	"frame": {"x":776,"y":1,"w":187,"h":188},
	"rotated": true,
	"trimmed": true,
	"spriteSourceSize": {"x":5,"y":4,"w":187,"h":188},
	"sourceSize": {"w":192,"h":192}
},
"0-2.png":
{
	"frame": {"x":1,"y":1,"w":192,"h":192},
	"rotated": false,
	"trimmed": false,
	"spriteSourceSize": {"x":0,"y":0,"w":192,"h":192},
	"sourceSize": {"w":192,"h":192}
},
"0-3.png":
{
	"frame": {"x":1,"y":195,"w":192,"h":192},
	"rotated": false,
	"trimmed": false,
	"spriteSourceSize": {"x":0,"y":0,"w":192,"h":192},
	"sourceSize": {"w":192,"h":192}
},
"0-4.png":
{
	"frame": {"x":195,"y":1,"w":192,"h":192},
	"rotated": false,
	"trimmed": false,
	"spriteSourceSize": {"x":0,"y":0,"w":192,"h":192},
	"sourceSize": {"w":192,"h":192}
},
"0-5.png":
{
	"frame": {"x":195,"y":195,"w":192,"h":192},
	"rotated": false,
	"trimmed": false,
	"spriteSourceSize": {"x":0,"y":0,"w":192,"h":192},
	"sourceSize": {"w":192,"h":192}
},
"0-6.png":
{
	"frame": {"x":389,"y":1,"w":192,"h":192},
	"rotated": false,
	"trimmed": false,
	"spriteSourceSize": {"x":0,"y":0,"w":192,"h":192},
	"sourceSize": {"w":192,"h":192}
},
"0-7.png":
{
	"frame": {"x":389,"y":195,"w":192,"h":192},
	"rotated": false,
	"trimmed": false,
	"spriteSourceSize": {"x":0,"y":0,"w":192,"h":192},
	"sourceSize": {"w":192,"h":192}
},
"0-8.png":
{
	"frame": {"x":583,"y":1,"w":190,"h":191},
	"rotated": true,
	"trimmed": true,
	"spriteSourceSize": {"x":2,"y":1,"w":190,"h":191},
	"sourceSize": {"w":192,"h":192}
},
"0-9.png":
{
	"frame": {"x":776,"y":190,"w":182,"h":184},
	"rotated": true,
	"trimmed": true,
	"spriteSourceSize": {"x":10,"y":8,"w":182,"h":184},
	"sourceSize": {"w":192,"h":192}
},
"0-10.png":
{
	"frame": {"x":583,"y":193,"w":168,"h":171},
	"rotated": true,
	"trimmed": true,
	"spriteSourceSize": {"x":10,"y":18,"w":168,"h":171},
	"sourceSize": {"w":192,"h":192}
},
"0-11.png":
{
	"frame": {"x":741,"y":374,"w":159,"h":142},
	"rotated": false,
	"trimmed": true,
	"spriteSourceSize": {"x":6,"y":33,"w":159,"h":142},
	"sourceSize": {"w":192,"h":192}
},
"0-12.png":
{
	"frame": {"x":1,"y":389,"w":170,"h":126},
	"rotated": false,
	"trimmed": true,
	"spriteSourceSize": {"x":14,"y":52,"w":170,"h":126},
	"sourceSize": {"w":192,"h":192}
},
"0-13.png":
{
	"frame": {"x":173,"y":389,"w":131,"h":66},
	"rotated": false,
	"trimmed": true,
	"spriteSourceSize": {"x":15,"y":37,"w":131,"h":66},
	"sourceSize": {"w":192,"h":192}
}},
"animations": {
	"0": ["0-0.png","0-1.png","0-2.png","0-3.png","0-4.png","0-5.png","0-6.png","0-7.png","0-8.png","0-9.png","0-10.png","0-11.png","0-12.png","0-13.png"]
},
"meta": {
	"app": "https://www.codeandweb.com/texturepacker",
	"version": "1.0",
	"image": "0.png",
	"format": "RGBA8888",
	"size": {"w":965,"h":519},
	"scale": "1",
	"smartupdate": "$TexturePacker:SmartUpdate:4289f2c703ef17abb513ecc1bae860e4:ae19a9b540ded1c7b2cbc069dbe8f85b:f91cade670d3cd0da3efe30dce0ef325$"
}
}
