{"frames": {

"1-0.png":
{
	"frame": {"x":1,"y":1,"w":192,"h":192},
	"rotated": false,
	"trimmed": false,
	"spriteSourceSize": {"x":0,"y":0,"w":192,"h":192},
	"sourceSize": {"w":192,"h":192}
},
"1-1.png":
{
	"frame": {"x":1,"y":195,"w":192,"h":192},
	"rotated": false,
	"trimmed": false,
	"spriteSourceSize": {"x":0,"y":0,"w":192,"h":192},
	"sourceSize": {"w":192,"h":192}
},
"1-2.png":
{
	"frame": {"x":195,"y":1,"w":192,"h":192},
	"rotated": false,
	"trimmed": false,
	"spriteSourceSize": {"x":0,"y":0,"w":192,"h":192},
	"sourceSize": {"w":192,"h":192}
},
"1-3.png":
{
	"frame": {"x":389,"y":195,"w":183,"h":183},
	"rotated": false,
	"trimmed": true,
	"spriteSourceSize": {"x":5,"y":5,"w":183,"h":183},
	"sourceSize": {"w":192,"h":192}
},
"1-4.png":
{
	"frame": {"x":1303,"y":169,"w":171,"h":172},
	"rotated": true,
	"trimmed": true,
	"spriteSourceSize": {"x":11,"y":10,"w":171,"h":172},
	"sourceSize": {"w":192,"h":192}
},
"1-5.png":
{
	"frame": {"x":195,"y":389,"w":192,"h":192},
	"rotated": false,
	"trimmed": false,
	"spriteSourceSize": {"x":0,"y":0,"w":192,"h":192},
	"sourceSize": {"w":192,"h":192}
},
"1-6.png":
{
	"frame": {"x":955,"y":164,"w":175,"h":175},
	"rotated": false,
	"trimmed": true,
	"spriteSourceSize": {"x":9,"y":9,"w":175,"h":175},
	"sourceSize": {"w":192,"h":192}
},
"1-7.png":
{
	"frame": {"x":1222,"y":665,"w":160,"h":160},
	"rotated": false,
	"trimmed": true,
	"spriteSourceSize": {"x":16,"y":16,"w":160,"h":160},
	"sourceSize": {"w":192,"h":192}
},
"1-8.png":
{
	"frame": {"x":912,"y":496,"w":155,"h":154},
	"rotated": false,
	"trimmed": true,
	"spriteSourceSize": {"x":18,"y":20,"w":155,"h":154},
	"sourceSize": {"w":192,"h":192}
},
"1-9.png":
{
	"frame": {"x":755,"y":321,"w":157,"h":173},
	"rotated": false,
	"trimmed": true,
	"spriteSourceSize": {"x":15,"y":8,"w":157,"h":173},
	"sourceSize": {"w":192,"h":192}
},
"1-10.png":
{
	"frame": {"x":556,"y":496,"w":154,"h":178},
	"rotated": true,
	"trimmed": true,
	"spriteSourceSize": {"x":18,"y":3,"w":154,"h":178},
	"sourceSize": {"w":192,"h":192}
},
"1-11.png":
{
	"frame": {"x":1,"y":777,"w":170,"h":187},
	"rotated": false,
	"trimmed": true,
	"spriteSourceSize": {"x":15,"y":4,"w":170,"h":187},
	"sourceSize": {"w":192,"h":192}
},
"1-12.png":
{
	"frame": {"x":195,"y":583,"w":175,"h":181},
	"rotated": false,
	"trimmed": true,
	"spriteSourceSize": {"x":16,"y":11,"w":175,"h":181},
	"sourceSize": {"w":192,"h":192}
},
"1-13.png":
{
	"frame": {"x":583,"y":1,"w":187,"h":174},
	"rotated": false,
	"trimmed": true,
	"spriteSourceSize": {"x":3,"y":12,"w":187,"h":174},
	"sourceSize": {"w":192,"h":192}
},
"1-14.png":
{
	"frame": {"x":389,"y":380,"w":187,"h":165},
	"rotated": true,
	"trimmed": true,
	"spriteSourceSize": {"x":5,"y":13,"w":187,"h":165},
	"sourceSize": {"w":192,"h":192}
},
"1-15.png":
{
	"frame": {"x":372,"y":583,"w":178,"h":163},
	"rotated": true,
	"trimmed": true,
	"spriteSourceSize": {"x":14,"y":19,"w":178,"h":163},
	"sourceSize": {"w":192,"h":192}
},
"1-16.png":
{
	"frame": {"x":1079,"y":341,"w":158,"h":155},
	"rotated": false,
	"trimmed": true,
	"spriteSourceSize": {"x":22,"y":24,"w":158,"h":155},
	"sourceSize": {"w":192,"h":192}
},
"1-17.png":
{
	"frame": {"x":1298,"y":827,"w":159,"h":158},
	"rotated": true,
	"trimmed": true,
	"spriteSourceSize": {"x":22,"y":25,"w":159,"h":158},
	"sourceSize": {"w":192,"h":192}
},
"1-18.png":
{
	"frame": {"x":715,"y":652,"w":163,"h":175},
	"rotated": false,
	"trimmed": true,
	"spriteSourceSize": {"x":25,"y":17,"w":163,"h":175},
	"sourceSize": {"w":192,"h":192}
},
"1-19.png":
{
	"frame": {"x":772,"y":1,"w":171,"h":181},
	"rotated": true,
	"trimmed": true,
	"spriteSourceSize": {"x":16,"y":11,"w":171,"h":181},
	"sourceSize": {"w":192,"h":192}
},
"1-20.png":
{
	"frame": {"x":574,"y":321,"w":173,"h":179},
	"rotated": true,
	"trimmed": true,
	"spriteSourceSize": {"x":2,"y":13,"w":173,"h":179},
	"sourceSize": {"w":192,"h":192}
},
"1-21.png":
{
	"frame": {"x":1132,"y":164,"w":169,"h":174},
	"rotated": false,
	"trimmed": true,
	"spriteSourceSize": {"x":1,"y":8,"w":169,"h":174},
	"sourceSize": {"w":192,"h":192}
},
"1-22.png":
{
	"frame": {"x":636,"y":830,"w":166,"h":167},
	"rotated": false,
	"trimmed": true,
	"spriteSourceSize": {"x":4,"y":15,"w":166,"h":167},
	"sourceSize": {"w":192,"h":192}
},
"1-23.png":
{
	"frame": {"x":914,"y":341,"w":151,"h":163},
	"rotated": true,
	"trimmed": true,
	"spriteSourceSize": {"x":14,"y":18,"w":151,"h":163},
	"sourceSize": {"w":192,"h":192}
},
"1-24.png":
{
	"frame": {"x":804,"y":829,"w":168,"h":171},
	"rotated": true,
	"trimmed": true,
	"spriteSourceSize": {"x":13,"y":19,"w":168,"h":171},
	"sourceSize": {"w":192,"h":192}
},
"1-25.png":
{
	"frame": {"x":880,"y":652,"w":174,"h":175},
	"rotated": false,
	"trimmed": true,
	"spriteSourceSize": {"x":15,"y":16,"w":174,"h":175},
	"sourceSize": {"w":192,"h":192}
},
"1-26.png":
{
	"frame": {"x":1132,"y":829,"w":164,"h":164},
	"rotated": false,
	"trimmed": true,
	"spriteSourceSize": {"x":25,"y":20,"w":164,"h":164},
	"sourceSize": {"w":192,"h":192}
},
"1-27.png":
{
	"frame": {"x":736,"y":496,"w":174,"h":154},
	"rotated": false,
	"trimmed": true,
	"spriteSourceSize": {"x":18,"y":25,"w":174,"h":154},
	"sourceSize": {"w":192,"h":192}
},
"1-28.png":
{
	"frame": {"x":319,"y":766,"w":185,"h":146},
	"rotated": true,
	"trimmed": true,
	"spriteSourceSize": {"x":7,"y":24,"w":185,"h":146},
	"sourceSize": {"w":192,"h":192}
},
"1-29.png":
{
	"frame": {"x":583,"y":177,"w":185,"h":142},
	"rotated": false,
	"trimmed": true,
	"spriteSourceSize": {"x":7,"y":21,"w":185,"h":142},
	"sourceSize": {"w":192,"h":192}
},
"1-30.png":
{
	"frame": {"x":1239,"y":342,"w":172,"h":155},
	"rotated": false,
	"trimmed": true,
	"spriteSourceSize": {"x":15,"y":12,"w":172,"h":155},
	"sourceSize": {"w":192,"h":192}
},
"1-31.png":
{
	"frame": {"x":1056,"y":652,"w":175,"h":164},
	"rotated": true,
	"trimmed": true,
	"spriteSourceSize": {"x":12,"y":1,"w":175,"h":164},
	"sourceSize": {"w":192,"h":192}
},
"1-32.png":
{
	"frame": {"x":1230,"y":499,"w":164,"h":164},
	"rotated": false,
	"trimmed": true,
	"spriteSourceSize": {"x":17,"y":5,"w":164,"h":164},
	"sourceSize": {"w":192,"h":192}
},
"1-33.png":
{
	"frame": {"x":1069,"y":498,"w":152,"h":159},
	"rotated": true,
	"trimmed": true,
	"spriteSourceSize": {"x":23,"y":14,"w":152,"h":159},
	"sourceSize": {"w":192,"h":192}
},
"1-34.png":
{
	"frame": {"x":977,"y":829,"w":153,"h":168},
	"rotated": false,
	"trimmed": true,
	"spriteSourceSize": {"x":22,"y":15,"w":153,"h":168},
	"sourceSize": {"w":192,"h":192}
},
"1-35.png":
{
	"frame": {"x":173,"y":777,"w":144,"h":186},
	"rotated": false,
	"trimmed": true,
	"spriteSourceSize": {"x":17,"y":6,"w":144,"h":186},
	"sourceSize": {"w":192,"h":192}
},
"1-36.png":
{
	"frame": {"x":955,"y":1,"w":161,"h":191},
	"rotated": true,
	"trimmed": true,
	"spriteSourceSize": {"x":10,"y":1,"w":161,"h":191},
	"sourceSize": {"w":192,"h":192}
},
"1-37.png":
{
	"frame": {"x":1148,"y":1,"w":160,"h":184},
	"rotated": true,
	"trimmed": true,
	"spriteSourceSize": {"x":22,"y":8,"w":160,"h":184},
	"sourceSize": {"w":192,"h":192}
},
"1-38.png":
{
	"frame": {"x":467,"y":830,"w":167,"h":167},
	"rotated": false,
	"trimmed": true,
	"spriteSourceSize": {"x":25,"y":16,"w":167,"h":167},
	"sourceSize": {"w":192,"h":192}
},
"1-39.png":
{
	"frame": {"x":1334,"y":1,"w":151,"h":166},
	"rotated": false,
	"trimmed": true,
	"spriteSourceSize": {"x":32,"y":16,"w":151,"h":166},
	"sourceSize": {"w":192,"h":192}
},
"1-40.png":
{
	"frame": {"x":1,"y":389,"w":192,"h":192},
	"rotated": false,
	"trimmed": false,
	"spriteSourceSize": {"x":0,"y":0,"w":192,"h":192},
	"sourceSize": {"w":192,"h":192}
},
"1-41.png":
{
	"frame": {"x":195,"y":195,"w":192,"h":192},
	"rotated": false,
	"trimmed": false,
	"spriteSourceSize": {"x":0,"y":0,"w":192,"h":192},
	"sourceSize": {"w":192,"h":192}
},
"1-42.png":
{
	"frame": {"x":389,"y":1,"w":192,"h":192},
	"rotated": false,
	"trimmed": false,
	"spriteSourceSize": {"x":0,"y":0,"w":192,"h":192},
	"sourceSize": {"w":192,"h":192}
},
"1-43.png":
{
	"frame": {"x":1396,"y":499,"w":80,"h":82},
	"rotated": false,
	"trimmed": true,
	"spriteSourceSize": {"x":56,"y":55,"w":80,"h":82},
	"sourceSize": {"w":192,"h":192}
},
"1-44.png":
{
	"frame": {"x":537,"y":652,"w":176,"h":176},
	"rotated": false,
	"trimmed": true,
	"spriteSourceSize": {"x":8,"y":9,"w":176,"h":176},
	"sourceSize": {"w":192,"h":192}
},
"1-45.png":
{
	"frame": {"x":1,"y":583,"w":192,"h":192},
	"rotated": false,
	"trimmed": false,
	"spriteSourceSize": {"x":0,"y":0,"w":192,"h":192},
	"sourceSize": {"w":192,"h":192}
},
"1-46.png":
{
	"frame": {"x":1396,"y":583,"w":79,"h":79},
	"rotated": false,
	"trimmed": true,
	"spriteSourceSize": {"x":57,"y":57,"w":79,"h":79},
	"sourceSize": {"w":192,"h":192}
}},
"animations": {
	"1": ["1-0.png","1-1.png","1-2.png","1-3.png","1-4.png","1-5.png","1-6.png","1-7.png","1-8.png","1-9.png","1-10.png","1-11.png","1-12.png","1-13.png","1-14.png","1-15.png","1-16.png","1-17.png","1-18.png","1-19.png","1-20.png","1-21.png","1-22.png","1-23.png","1-24.png","1-25.png","1-26.png","1-27.png","1-28.png","1-29.png","1-30.png","1-31.png","1-32.png","1-33.png","1-34.png","1-35.png","1-36.png","1-37.png","1-38.png","1-39.png","1-40.png","1-41.png","1-42.png","1-43.png","1-44.png","1-45.png","1-46.png"]
},
"meta": {
	"app": "https://www.codeandweb.com/texturepacker",
	"version": "1.0",
	"image": "1.png",
	"format": "RGBA8888",
	"size": {"w":1486,"h":998},
	"scale": "1",
	"smartupdate": "$TexturePacker:SmartUpdate:f8697c0f21307a5e4c060beb6b01bb97:e8b71fdf8cd76c34ec48a91b89cd3545:d31de202d7213cc8961db402b7b4c95a$"
}
}
